Ticker,Beta
000001.SZ,1.19648458307
000002.SZ,1.00093247105
000005.SZ,0.614524122117
000008.SZ,0.594845978555
000009.SZ,1.17665647527
000010.SZ,0.148256929572
000011.SZ,1.25682713751
000012.SZ,1.33674740527
000016.SZ,0.955686094823
000017.SZ,0.473931638777
000021.SZ,0.983372807479
000022.SZ,0.960480671307
000027.SZ,0.691539536768
000030.SZ,0.088342649299
000036.SZ,0.973226439159
000037.SZ,0.693295737724
000039.SZ,1.2339401565
000043.SZ,0.9551634424
000045.SZ,0.980424287876
000046.SZ,0.955588257483
000050.SZ,1.22277472742
000055.SZ,1.08748010751
000056.SZ,0.765318506293
000058.SZ,0.531216927852
000059.SZ,0.861050222603
000060.SZ,1.21457043767
000061.SZ,0.774675984512
000062.SZ,0.994878348104
000063.SZ,0.285508637904
000066.SZ,0.906069503456
000068.SZ,0.389080464359
000069.SZ,1.09624804963
000078.SZ,0.955080531152
000088.SZ,0.676542535737
000089.SZ,0.741250193199
000090.SZ,1.0412025972
000096.SZ,1.02939184357
000100.SZ,0.808859415095
000156.SZ,0.192761157586
000157.SZ,1.16993558064
000158.SZ,0.98357795351
000333.SZ,0.141998143274
000338.SZ,1.20166989898
000400.SZ,0.820952357897
000401.SZ,1.31334883995
000402.SZ,0.915333348649
000404.SZ,1.04596372921
000407.SZ,0.756387877553
000410.SZ,1.09690773669
000413.SZ,0.442539362936
000415.SZ,0.908406925864
000416.SZ,1.06336899051
000417.SZ,0.974192890565
000418.SZ,1.14631261407
000419.SZ,1.02398033987
000420.SZ,0.926648217842
000421.SZ,0.89196593178
000422.SZ,1.20442262948
000423.SZ,0.628706132926
000425.SZ,1.2570101173
000426.SZ,1.02500305846
000428.SZ,0.872874267997
000429.SZ,0.675508330789
000488.SZ,0.80436369812
000498.SZ,0.26641511111
000501.SZ,0.736757559713
000507.SZ,0.369504233089
000510.SZ,1.0086281202
000514.SZ,0.865505964151
000516.SZ,0.683063181758
000517.SZ,0.948885407366
000518.SZ,0.979408237443
000519.SZ,0.439562792234
000520.SZ,0.692843698293
000521.SZ,1.05562209629
000525.SZ,0.978984281016
000528.SZ,1.28020789506
000529.SZ,0.99204123392
000531.SZ,0.975565960507
000533.SZ,0.97152785531
000536.SZ,0.642313932669
000537.SZ,1.21571768309
000538.SZ,0.283739479206
000539.SZ,0.645360705071
000541.SZ,0.628020416235
000543.SZ,0.976044379859
000545.SZ,0.550854620842
000546.SZ,0.905226638999
000547.SZ,0.703688184242
000550.SZ,1.02859231789
000552.SZ,1.24622128473
000553.SZ,0.86742000726
000558.SZ,0.969427080811
000559.SZ,1.31540116613
000560.SZ,0.276670915949
000561.SZ,1.09227234248
000563.SZ,0.211759961135
000564.SZ,0.839259302312
000566.SZ,0.830591477535
000568.SZ,0.689646351017
000570.SZ,0.917024286264
000571.SZ,0.902676969003
000572.SZ,1.09971864672
000573.SZ,0.799954017968
000581.SZ,0.78658197135
000582.SZ,0.877608509
000584.SZ,0.364303687662
000587.SZ,0.415592905641
000589.SZ,0.919477835032
000596.SZ,0.758829136901
000598.SZ,0.351229153534
000599.SZ,0.915071984146
000600.SZ,0.698861824685
000601.SZ,0.901743583111
000603.SZ,1.01072407809
000607.SZ,0.632188911494
000612.SZ,0.643357675942
000616.SZ,0.615201883214
000620.SZ,0.623857119738
000623.SZ,1.40255898956
000625.SZ,1.02516414852
000627.SZ,0.870309774044
000630.SZ,1.05818239102
000631.SZ,1.27103452969
000636.SZ,1.04243103579
000637.SZ,0.990414084724
000650.SZ,0.902075200142
000651.SZ,0.313499521291
000652.SZ,0.855742062978
000655.SZ,1.20062892448
000656.SZ,0.0291168462516
000657.SZ,0.319791678911
000659.SZ,0.987410094387
000665.SZ,0.80729266707
000666.SZ,1.13295704034
000667.SZ,0.790544883787
000670.SZ,0.0891548582665
000671.SZ,1.08226001961
000672.SZ,0.330712537507
000677.SZ,0.520953065062
000680.SZ,1.38062101992
000681.SZ,0.193682924088
000682.SZ,0.930955026309
000683.SZ,1.07507494643
000685.SZ,1.30625470983
000686.SZ,1.3063824318
000687.SZ,0.913845747893
000690.SZ,0.763441543256
000692.SZ,0.690446350127
000697.SZ,1.05027853406
000698.SZ,0.937905848336
000703.SZ,0.558006350178
000709.SZ,0.835409495486
000712.SZ,0.446315353313
000717.SZ,0.734248008099
000718.SZ,0.241861384729
000719.SZ,0.288817900663
000725.SZ,0.740421486239
000726.SZ,0.9236584606
000727.SZ,0.367927572319
000728.SZ,1.29160727464
000729.SZ,0.507068786986
000731.SZ,1.07056666381
000732.SZ,0.90781122594
000735.SZ,1.01672263532
000737.SZ,0.988978083044
000738.SZ,0.935651027827
000739.SZ,0.156002904753
000750.SZ,1.3264267571
000751.SZ,0.149682984037
000753.SZ,1.00648564564
000758.SZ,1.38276846663
000759.SZ,0.585022218168
000760.SZ,0.272146700054
000761.SZ,0.854143890894
000767.SZ,0.681275786546
000768.SZ,0.988340485683
000776.SZ,1.41551563494
000778.SZ,0.783398386038
000780.SZ,1.28460384273
000782.SZ,0.930967173204
000783.SZ,1.16742436723
000786.SZ,0.680698743601
000788.SZ,0.902322578306
000789.SZ,0.894342798715
000791.SZ,0.852639630549
000792.SZ,1.0783757382
000793.SZ,0.611118242293
000800.SZ,1.20852032193
000801.SZ,0.413436555438
000807.SZ,1.13660589778
000809.SZ,0.919565171998
000810.SZ,0.0838170529266
000816.SZ,0.793799322338
000818.SZ,0.915532091435
000822.SZ,0.97219936156
000823.SZ,1.22385051807
000825.SZ,0.790228411467
000826.SZ,0.381205210498
000828.SZ,0.885219388031
000829.SZ,0.955310977138
000830.SZ,1.03392999356
000831.SZ,0.562987226758
000833.SZ,0.856811687833
000837.SZ,0.987423834445
000839.SZ,1.25950776651
000848.SZ,0.848240218879
000850.SZ,1.1071809548
000851.SZ,0.928489242144
000858.SZ,0.670405763615
000859.SZ,0.0339746805057
000860.SZ,1.07399253833
000861.SZ,0.978215956479
000863.SZ,0.686386308516
000868.SZ,0.977454447967
000869.SZ,0.738990426945
000875.SZ,0.802112927861
000876.SZ,1.06121430458
000877.SZ,0.84003011339
000878.SZ,1.16025747166
000882.SZ,0.670035347498
000883.SZ,0.00210309939273
000886.SZ,0.897199050323
000887.SZ,0.493042273578
000888.SZ,0.597769371964
000893.SZ,0.410915248284
000895.SZ,0.625192243832
000897.SZ,1.01044866944
000898.SZ,0.877056706884
000899.SZ,0.988413150629
000900.SZ,0.882403517557
000902.SZ,0.689877626506
000903.SZ,1.01168704797
000905.SZ,0.878921497862
000908.SZ,0.488666396645
000910.SZ,0.907777154271
000912.SZ,0.908112329628
000916.SZ,0.724470910975
000917.SZ,0.715079602803
000918.SZ,0.966510330253
000919.SZ,0.941168558515
000921.SZ,0.906147082291
000922.SZ,0.619111063114
000926.SZ,1.11906597799
000928.SZ,0.956347187745
000930.SZ,0.951952062811
000931.SZ,1.08233705437
000932.SZ,0.859986260205
000933.SZ,1.25920048847
000935.SZ,1.09901523967
000936.SZ,0.942263702553
000937.SZ,1.55364698598
000939.SZ,1.03052280893
000949.SZ,0.967446669376
000955.SZ,0.488780483002
000959.SZ,0.580554560999
000960.SZ,1.31426413537
000961.SZ,1.25445746428
000965.SZ,0.943688917366
000966.SZ,0.927180563978
000968.SZ,1.33244944988
000969.SZ,1.14529208603
000970.SZ,1.19206373045
000972.SZ,0.535999472709
000973.SZ,0.861876195155
000975.SZ,0.75517266871
000976.SZ,0.774705213517
000977.SZ,1.0121419515
000980.SZ,0.822908550168
000981.SZ,0.0
000982.SZ,0.20433311242
000983.SZ,1.20606776579
000988.SZ,1.01737767483
000997.SZ,0.686282799844
000998.SZ,0.322822959738
000999.SZ,0.595433488521
001896.SZ,0.97357687434
002001.SZ,0.398267035436
002002.SZ,0.52363393831
002004.SZ,0.567823264388
002005.SZ,0.755995823449
002007.SZ,0.801537620988
002008.SZ,1.19720458993
002011.SZ,0.965311945694
002013.SZ,0.22946775697
002016.SZ,1.03395614636
002018.SZ,-0.0464419952179
002021.SZ,0.581430618976
002022.SZ,0.872660507501
002023.SZ,1.03297650312
002024.SZ,1.00701284262
002028.SZ,1.02809528818
002029.SZ,0.815086972066
002030.SZ,1.08285212918
002031.SZ,1.08290759295
002032.SZ,0.804720860847
002038.SZ,0.612599734916
002041.SZ,0.795502451517
002042.SZ,0.879269107807
002044.SZ,0.901300232842
002047.SZ,0.708352187169
002048.SZ,0.970750606629
002049.SZ,0.813058758817
002050.SZ,0.121676343233
002051.SZ,0.691472308754
002052.SZ,0.469171997743
002059.SZ,0.0368295355446
002060.SZ,0.968287649868
002062.SZ,1.09131478327
002063.SZ,0.656473901184
002064.SZ,0.835185955929
002065.SZ,0.657194488472
002067.SZ,0.888594660427
002068.SZ,0.8643800854
002069.SZ,0.879145315736
002071.SZ,0.986529413262
002073.SZ,1.03679959533
002074.SZ,0.856382501132
002078.SZ,0.837344218249
002079.SZ,0.776231764982
002081.SZ,0.941673197345
002083.SZ,1.01137942584
002085.SZ,1.10572971592
002087.SZ,0.929142754273
002089.SZ,1.05848077935
002092.SZ,1.09704360783
002093.SZ,1.04219557143
002097.SZ,0.323817708315
002099.SZ,0.272788775099
002100.SZ,1.03297327452
002102.SZ,0.927958161319
002104.SZ,0.797531777314
002106.SZ,1.18627422643
002108.SZ,1.03166844453
002118.SZ,0.922960133404
002122.SZ,1.02860492976
002123.SZ,1.01797666143
002128.SZ,1.08272346539
002130.SZ,1.18198104875
002131.SZ,0.921009018078
002132.SZ,0.878345101533
002133.SZ,0.875435178722
002135.SZ,0.891436842307
002138.SZ,-0.0259045250614
002142.SZ,1.0723529312
002145.SZ,0.696061932057
002146.SZ,1.24404854587
002152.SZ,0.952683085313
002154.SZ,0.0479675171663
002155.SZ,0.779121006605
002156.SZ,0.59750085537
002157.SZ,1.04092805938
002160.SZ,0.77129667199
002161.SZ,1.08179788451
002162.SZ,0.599159858774
002163.SZ,1.13629204739
002165.SZ,0.795661475975
002167.SZ,0.970777430247
002170.SZ,0.605087375421
002172.SZ,1.23051663763
002176.SZ,0.762473960917
002177.SZ,0.728993326889
002178.SZ,0.0560254276158
002179.SZ,1.08113007887
002181.SZ,0.871933700195
002183.SZ,0.719128838265
002185.SZ,1.08456727621
002191.SZ,-0.0398912743469
002194.SZ,1.01887348482
002195.SZ,1.00603080062
002198.SZ,0.640938354689
002202.SZ,1.16442764492
002203.SZ,0.0144427224877
002204.SZ,0.168505695935
002210.SZ,1.04226045516
002212.SZ,1.01502738518
002215.SZ,0.935621139017
002216.SZ,0.11533940396
002217.SZ,1.00451482544
002218.SZ,1.07991092922
002219.SZ,0.312080779543
002221.SZ,0.951161923896
002223.SZ,0.81049141002
002224.SZ,0.297365625662
002225.SZ,1.05938813816
002226.SZ,0.806817516118
002230.SZ,0.0591912321092
002233.SZ,1.22396078649
002236.SZ,0.656496445288
002237.SZ,0.167485985123
002238.SZ,0.368176147457
002239.SZ,0.709500794158
002241.SZ,0.76562542634
002242.SZ,0.863331923175
002244.SZ,1.16764687917
002245.SZ,0.273906268893
002249.SZ,0.273979999372
002250.SZ,0.548398787382
002251.SZ,0.725950817215
002252.SZ,0.168883863521
002254.SZ,1.0931501055
002255.SZ,0.204379464817
002259.SZ,0.658096467756
002264.SZ,0.607850992414
002266.SZ,0.33611043814
002267.SZ,0.706935373354
002269.SZ,-0.0248046621158
002271.SZ,0.867829901526
002274.SZ,0.659329116866
002275.SZ,0.772954388404
002276.SZ,0.799703962614
002277.SZ,0.00253385347743
002280.SZ,0.186086996195
002283.SZ,0.0390323448768
002284.SZ,0.101400430794
002285.SZ,1.08350605083
002288.SZ,0.701894864915
002292.SZ,0.660939867182
002293.SZ,0.731495489515
002294.SZ,0.0634889036744
002298.SZ,0.842078841537
002299.SZ,0.72179924131
002302.SZ,1.11648244185
002303.SZ,0.316895794471
002304.SZ,0.63241957352
002305.SZ,0.906559523039
002306.SZ,0.278660862038
002307.SZ,0.475905812733
002308.SZ,0.554236338172
002309.SZ,0.691789274821
002310.SZ,1.0029955876
002311.SZ,0.629205998552
002312.SZ,-0.011139341043
002314.SZ,0.549019403376
002317.SZ,0.742334126025
002325.SZ,1.00361519658
002326.SZ,0.0361644285926
002327.SZ,-0.0129632474378
002329.SZ,0.946745756147
002330.SZ,0.577401973583
002332.SZ,0.864706445771
002334.SZ,0.119164006436
002337.SZ,0.399357995482
002340.SZ,1.17607539928
002342.SZ,0.811505686565
002344.SZ,0.433958950883
002345.SZ,0.0468856569672
002353.SZ,0.571468267663
002355.SZ,0.420929236005
002358.SZ,1.00590198366
002364.SZ,0.923099966105
002367.SZ,0.778283077006
002372.SZ,1.0084760292
002375.SZ,1.08249600917
002376.SZ,0.391940632047
002378.SZ,1.21327351997
002379.SZ,0.920297103466
002384.SZ,0.872180086522
002385.SZ,0.820845349521
002386.SZ,0.993379481615
002389.SZ,0.561081396569
002390.SZ,0.537281270137
002392.SZ,0.44154792866
002396.SZ,0.922297085249
002397.SZ,0.873513102051
002399.SZ,0.367193997349
002400.SZ,0.811105457767
002404.SZ,0.958146050548
002405.SZ,1.05472024015
002406.SZ,0.924825643898
002408.SZ,1.06162121999
002410.SZ,0.978907838596
002414.SZ,0.496359266992
002415.SZ,0.64313854343
002416.SZ,0.95585556238
002419.SZ,0.934593367684
002421.SZ,0.935835333105
002422.SZ,0.799249924857
002423.SZ,0.921677968303
002428.SZ,1.22486095151
002429.SZ,1.19616067061
002430.SZ,0.67917580787
002431.SZ,1.07102220841
002433.SZ,0.69481502798
002434.SZ,0.176078141358
002437.SZ,0.847453306297
002439.SZ,0.85260154641
002440.SZ,0.456625659071
002443.SZ,0.839758659009
002444.SZ,0.475608430591
002445.SZ,0.434291734395
002447.SZ,0.30112386363
002448.SZ,0.791752343514
002450.SZ,0.891554299619
002452.SZ,0.110405275853
002453.SZ,0.200803077178
002456.SZ,0.944230053106
002461.SZ,0.96712726642
002463.SZ,0.939648069281
002465.SZ,0.759646373933
002467.SZ,0.993058298867
002470.SZ,0.959993583535
002471.SZ,1.02387486579
002474.SZ,0.45564755953
002475.SZ,0.69404762137
002476.SZ,1.06939214846
002477.SZ,0.937461312753
002479.SZ,0.927141677137
002480.SZ,0.328541273963
002481.SZ,0.304036714465
002482.SZ,1.2756083292
002486.SZ,0.420829610465
002487.SZ,0.026531873338
002488.SZ,1.01400310264
002489.SZ,1.03750138905
002490.SZ,0.799315989775
002491.SZ,0.944224943029
002493.SZ,0.00106481040508
002495.SZ,0.894838210808
002497.SZ,0.917361179691
002498.SZ,0.932837167929
002500.SZ,1.1262777582
002501.SZ,0.241067068679
002503.SZ,0.857577579539
002505.SZ,0.343389156401
002506.SZ,0.152854379964
002512.SZ,0.997925204776
002516.SZ,0.99053465453
002519.SZ,0.857053637783
002522.SZ,0.833425933532
002523.SZ,0.271067139867
002524.SZ,0.944494287314
002526.SZ,0.754202342004
002527.SZ,0.409436853633
002528.SZ,0.561404585529
002531.SZ,1.04021355988
002533.SZ,0.378025680134
002535.SZ,1.13743257682
002538.SZ,0.46837956471
002539.SZ,1.01426907855
002540.SZ,0.292851439259
002542.SZ,1.10349387882
002544.SZ,0.871909707611
002549.SZ,0.875078094727
002550.SZ,0.865589991457
002554.SZ,1.087871643
002555.SZ,0.211212628886
002557.SZ,0.599286527162
002563.SZ,0.681293584107
002564.SZ,0.411632193205
002565.SZ,0.667568064882
002568.SZ,0.783905481052
002570.SZ,0.767675547241
002573.SZ,0.70176885017
002574.SZ,0.239582062632
002581.SZ,0.749046355118
002583.SZ,0.679125174851
002585.SZ,0.95367462249
002586.SZ,0.637411229395
002588.SZ,0.898530212803
002589.SZ,0.683245639879
002594.SZ,0.984174468916
002595.SZ,0.0654247701924
002597.SZ,0.0757728376537
002600.SZ,0.996107121211
002602.SZ,0.379213531853
002603.SZ,0.529415550182
002604.SZ,0.576789254567
002609.SZ,0.927101435229
002610.SZ,0.302344187678
002611.SZ,0.815868584636
002613.SZ,0.894482397657
002614.SZ,0.478963380833
002626.SZ,0.540209740878
002628.SZ,0.421623320665
002630.SZ,0.160119763417
002631.SZ,0.146758597588
002636.SZ,0.520642447969
002639.SZ,0.214175736858
002640.SZ,0.396793402749
002641.SZ,0.736013119984
002644.SZ,0.589517282871
002648.SZ,0.597160037733
002651.SZ,0.608846753322
002653.SZ,0.330758685934
002658.SZ,0.0208445667535
002662.SZ,0.664068964171
002663.SZ,0.576170132024
002665.SZ,0.372703185186
002666.SZ,0.711605170775
002672.SZ,0.469505506685
002673.SZ,0.841185417665
002678.SZ,0.404419667495
002681.SZ,0.28921075301
002683.SZ,0.169505796171
002685.SZ,0.114115501664
002689.SZ,0.434457439271
002690.SZ,0.43791187106
002697.SZ,0.552625022858
002698.SZ,0.428503363183
002701.SZ,0.37233091686
002716.SZ,0.0896699672982
002721.SZ,0.00977427644916
300001.SZ,1.20187245625
300002.SZ,1.01378195863
300003.SZ,0.878597671517
300004.SZ,0.76106979665
300005.SZ,0.820475737523
300010.SZ,0.89679381358
300011.SZ,0.949324218632
300015.SZ,0.832172594744
300017.SZ,1.05715622573
300020.SZ,0.833238492901
300024.SZ,1.06970466272
300026.SZ,0.666576778619
300027.SZ,0.705430515554
300033.SZ,0.353131497114
300039.SZ,0.721283334628
300043.SZ,0.003929788857
300045.SZ,0.903692417726
300055.SZ,0.223820035821
300058.SZ,0.492840017377
300059.SZ,1.18914954343
300064.SZ,0.925688719077
300067.SZ,1.13511158735
300068.SZ,0.408647730557
300070.SZ,0.859560678127
300071.SZ,0.528453661612
300072.SZ,1.00696047114
300074.SZ,0.119216197377
300079.SZ,1.02339444726
300080.SZ,0.669031787093
300082.SZ,1.03009446444
300088.SZ,1.05312383845
300090.SZ,0.965072183532
300101.SZ,0.9242665212
300102.SZ,0.952488128562
300105.SZ,0.770407248233
300107.SZ,0.014430155717
300110.SZ,0.866282114837
300111.SZ,0.389247825094
300115.SZ,0.817652990572
300116.SZ,0.960277816802
300118.SZ,0.817505968851
300122.SZ,0.640080291077
300124.SZ,0.9823156782
300128.SZ,0.993644972013
300129.SZ,1.13022638026
300131.SZ,0.737936166345
300133.SZ,0.770520124626
300134.SZ,0.100120494496
300135.SZ,1.06475330609
300136.SZ,0.806990449213
300144.SZ,0.763520755855
300146.SZ,0.614476269197
300147.SZ,0.887164642556
300150.SZ,0.0389130532066
300151.SZ,0.928612029
300155.SZ,1.09467386652
300157.SZ,0.598687986613
300159.SZ,0.922921367636
300166.SZ,0.733502440572
300168.SZ,0.308147359489
300170.SZ,0.729320692911
300171.SZ,0.678928904412
300173.SZ,0.695222575909
300178.SZ,0.100112031607
300181.SZ,0.920544561913
300182.SZ,0.0490261754861
300185.SZ,0.963550693488
300189.SZ,0.823491663859
300197.SZ,0.857170866714
300199.SZ,0.217571336735
300202.SZ,0.391511350623
300207.SZ,0.946048227781
300208.SZ,0.770380994737
300215.SZ,0.60488730324
300224.SZ,1.07084409353
300237.SZ,0.709785441735
300251.SZ,0.587444131709
300253.SZ,0.593121450062
300257.SZ,0.557392610746
300269.SZ,-0.00436238825762
300273.SZ,0.375610898358
300274.SZ,0.641232623454
300278.SZ,0.218801329726
300284.SZ,0.321787405382
300287.SZ,0.500448033985
300291.SZ,0.470579386304
300296.SZ,0.472480702639
300301.SZ,-0.0808287868523
300303.SZ,0.700718253393
300307.SZ,0.504388470301
300315.SZ,0.355970096565
300316.SZ,0.0511228631695
300323.SZ,0.488253444055
300336.SZ,0.521573758808
300383.SZ,0.0739402578501
600000.SS,1.05814871816
600004.SS,0.723628316109
600006.SS,0.886575377737
600007.SS,0.745689127753
600008.SS,0.968251758877
600009.SS,0.664163186906
600010.SS,1.04897240622
600011.SS,0.624782723361
600012.SS,0.680830348432
600015.SS,1.03996833807
600016.SS,1.01814091599
600017.SS,0.793936073367
600018.SS,0.744581520309
600019.SS,0.608522373656
600020.SS,0.706259322939
600021.SS,0.728223846191
600022.SS,0.773628772636
600023.SS,0.0231051512278
600026.SS,1.02825600747
600027.SS,0.713399203854
600028.SS,0.586708239907
600029.SS,1.02588133163
600030.SS,1.44091034428
600031.SS,1.21773927486
600033.SS,0.671293298242
600035.SS,0.102513750345
600036.SS,0.922559884463
600037.SS,1.12226703328
600038.SS,0.91160323692
600039.SS,1.06471190817
600048.SS,0.569831812275
600050.SS,0.716126270784
600052.SS,0.997494029698
600056.SS,0.738760151312
600057.SS,0.643059028485
600058.SS,1.14300735207
600059.SS,0.0170170654816
600060.SS,0.847193635914
600061.SS,1.15113050618
600062.SS,0.829079033414
600063.SS,1.00023936315
600064.SS,1.18159819947
600066.SS,0.767258221162
600067.SS,1.21150925929
600068.SS,1.01116559644
600069.SS,0.983207920366
600073.SS,0.954894307644
600077.SS,0.922316959306
600078.SS,1.21944961121
600079.SS,0.608455000041
600082.SS,1.1013669728
600085.SS,0.700556990328
600089.SS,1.08295782854
600093.SS,0.893171574568
600094.SS,0.727539389018
600096.SS,0.934438607626
600098.SS,0.720993230923
600100.SS,0.993805472422
600103.SS,0.87242808132
600104.SS,0.998187027865
600106.SS,0.939880916326
600108.SS,0.940840800378
600109.SS,1.50127596201
600110.SS,0.916088474164
600111.SS,0.937957671447
600112.SS,0.894398651021
600115.SS,1.02846635427
600117.SS,1.10372537926
600118.SS,0.970162428097
600120.SS,0.985891921598
600121.SS,1.06768992812
600122.SS,0.970227565982
600123.SS,1.3821765377
600125.SS,1.06046415417
600126.SS,0.852404512635
600127.SS,0.866676865715
600130.SS,1.0292899304
600131.SS,1.11236354071
600133.SS,0.713551368418
600138.SS,0.854734860857
600139.SS,0.688297363527
600141.SS,1.24480197403
600143.SS,0.674264658566
600151.SS,0.996111035603
600153.SS,0.0293629134858
600157.SS,1.29118398805
600158.SS,1.29477405264
600159.SS,1.00178386839
600160.SS,1.25649097899
600161.SS,0.914091036689
600162.SS,0.997531895694
600163.SS,0.820678204217
600166.SS,1.22086730819
600168.SS,0.912736914003
600169.SS,1.23365107639
600170.SS,1.00229931083
600171.SS,1.14891679612
600172.SS,1.17749149207
600173.SS,1.00001110126
600175.SS,0.763757669896
600176.SS,1.22028646646
600177.SS,1.04134751039
600180.SS,0.393224969181
600183.SS,0.62276003768
600185.SS,1.30651582186
600186.SS,0.907332527775
600187.SS,0.935450955255
600188.SS,1.38205674611
600190.SS,0.664481864916
600196.SS,0.818112926164
600198.SS,0.880058754578
600199.SS,0.935851875363
600200.SS,0.963468931646
600206.SS,1.08766922075
600207.SS,0.852218227594
600208.SS,1.04300831796
600210.SS,0.885274483503
600212.SS,1.04689001836
600216.SS,0.929172018303
600217.SS,0.955469491512
600219.SS,1.02982008014
600220.SS,0.867028576542
600221.SS,0.980437524155
600222.SS,0.845059598632
600223.SS,1.1748724624
600225.SS,1.04194722904
600227.SS,0.88875294339
600229.SS,1.00065798281
600231.SS,1.06430587542
600236.SS,0.721718986788
600237.SS,0.852069962965
600240.SS,1.24745406984
600246.SS,1.05027598033
600249.SS,0.906492326583
600251.SS,0.990154376266
600252.SS,1.01508601945
600255.SS,0.612430113188
600256.SS,1.0269365412
600260.SS,1.11396992565
600261.SS,0.974475753595
600266.SS,1.13039230333
600267.SS,0.64426449815
600268.SS,1.08312826506
600269.SS,0.7053133142
600270.SS,1.16232887504
600271.SS,1.052627597
600273.SS,0.919005861201
600275.SS,0.583588795326
600276.SS,0.51445257239
600277.SS,0.847850993202
600278.SS,1.08991347621
600280.SS,0.392301621135
600281.SS,0.82584963247
600282.SS,0.801257764381
600284.SS,0.979444310219
600285.SS,0.902850890432
600290.SS,1.04757535628
600292.SS,0.978929476942
600295.SS,1.03947919412
600297.SS,0.78826043823
600299.SS,0.985810109388
600300.SS,0.961624944948
600303.SS,1.09590152258
600307.SS,0.924759929083
600308.SS,0.927191725907
600309.SS,1.09401486234
600310.SS,0.975755095557
600311.SS,1.08615193815
600312.SS,1.01213334797
600315.SS,0.232583305712
600316.SS,1.08126554812
600317.SS,0.751953736746
600320.SS,0.990403767756
600321.SS,0.826542004666
600322.SS,1.03367967445
600323.SS,0.979135654283
600325.SS,1.15928888392
600326.SS,1.15702157968
600327.SS,1.0811424764
600329.SS,0.984039655742
600330.SS,1.17958861793
600332.SS,0.851374344975
600333.SS,0.969513843296
600335.SS,0.84182025415
600336.SS,1.10017102548
600337.SS,0.543765125177
600338.SS,0.631720090741
600339.SS,1.04171553461
600340.SS,0.280875709139
600343.SS,0.696722101053
600346.SS,0.171681671339
600348.SS,1.4055041216
600350.SS,0.702952526395
600351.SS,0.86778548162
600352.SS,1.10100295466
600353.SS,0.500637424699
600360.SS,1.11682689947
600361.SS,0.855639869218
600362.SS,1.31088615281
600366.SS,1.37860308437
600368.SS,0.992744379246
600369.SS,1.2380381608
600372.SS,0.873745913221
600373.SS,0.983779680126
600375.SS,1.09646749775
600376.SS,1.28299082421
600377.SS,0.4867387568
600380.SS,0.742956347998
600381.SS,0.64663526656
600383.SS,1.13173021489
600388.SS,1.10873632467
600392.SS,0.710014688224
600395.SS,1.50024282822
600396.SS,0.932774269321
600397.SS,0.758631496206
600398.SS,0.914411574329
600399.SS,1.00207522186
600400.SS,1.06134862586
600401.SS,0.541641977279
600403.SS,1.03724858823
600406.SS,0.637658640044
600408.SS,1.08973787377
600409.SS,0.981751187833
600410.SS,1.20575901908
600415.SS,1.06229559139
600416.SS,1.12676780999
600418.SS,1.26217263154
600425.SS,1.24883858386
600426.SS,1.19172687316
600428.SS,1.07764046154
600429.SS,0.929626212398
600433.SS,0.515423949126
600435.SS,0.973222947561
600438.SS,0.965076437638
600439.SS,1.05450447242
600446.SS,0.913979157879
600458.SS,1.10216368657
600460.SS,0.681721812157
600462.SS,0.399143213361
600466.SS,0.875913327763
600467.SS,0.978268845073
600470.SS,1.07706310288
600477.SS,1.039610505
600478.SS,0.596747201919
600481.SS,0.386599923949
600482.SS,1.17703266611
600483.SS,0.983408318367
600487.SS,1.09344147812
600488.SS,0.520255693153
600489.SS,0.840929471865
600490.SS,0.542728995778
600491.SS,1.15452137088
600495.SS,0.468987684501
600496.SS,1.09832094863
600497.SS,1.32236099713
600498.SS,1.0022423932
600499.SS,0.0357186285578
600500.SS,1.01583970597
600502.SS,1.10583595701
600503.SS,1.08846716554
600507.SS,0.86274754098
600508.SS,1.21415847437
600509.SS,0.987784942014
600510.SS,1.04920696339
600512.SS,0.91231316331
600516.SS,1.16049692584
600517.SS,0.748679688036
600518.SS,0.394455155882
600519.SS,0.535283633651
600521.SS,0.875412430252
600522.SS,1.08138620304
600525.SS,0.498932244895
600526.SS,0.534413664486
600527.SS,0.996445986068
600528.SS,1.09612833444
600532.SS,0.943158354603
600533.SS,1.00114220202
600535.SS,0.527564295932
600537.SS,0.649393330085
600545.SS,1.03743787303
600546.SS,1.42727287673
600547.SS,0.723856951091
600548.SS,0.741257443033
600549.SS,0.0202115828224
600550.SS,1.02857965128
600551.SS,0.947303664382
600555.SS,0.827996688921
600557.SS,0.791649742123
600558.SS,0.938331936645
600565.SS,0.678376660971
600566.SS,0.77484355695
600567.SS,0.870683618132
600568.SS,0.931637805728
600569.SS,0.764452454289
600570.SS,0.836362760119
600572.SS,0.803829043256
600575.SS,0.822825458807
600577.SS,0.449077251098
600578.SS,0.482993659658
600580.SS,0.961025611289
600582.SS,1.12063528831
600583.SS,0.991915583878
600584.SS,1.06846654681
600585.SS,1.2975190932
600586.SS,1.10242242046
600588.SS,0.814288658407
600589.SS,0.945269585186
600590.SS,1.02548101853
600594.SS,0.573241010729
600595.SS,1.09542878003
600596.SS,1.12697681851
600597.SS,0.794383341127
600598.SS,0.781531286585
600600.SS,0.576282328384
600601.SS,0.882627348413
600602.SS,0.79760470851
600604.SS,0.821208305104
600606.SS,1.05295823076
600609.SS,0.932436564326
600610.SS,0.289111392596
600611.SS,1.00982599296
600612.SS,0.859384775521
600613.SS,0.421265884837
600614.SS,0.486941320604
600616.SS,0.950044345997
600617.SS,0.209686508061
600618.SS,1.12442506328
600619.SS,1.0834853196
600621.SS,1.06761867781
600622.SS,1.17719917589
600623.SS,1.075094048
600624.SS,1.08467768379
600626.SS,1.05511742685
600628.SS,0.973345297158
600633.SS,0.39501653075
600634.SS,0.0890009257264
600635.SS,0.932992935477
600637.SS,0.834355240905
600638.SS,0.871894890273
600639.SS,0.947988775534
600640.SS,1.04060480489
600641.SS,1.1690811884
600642.SS,0.646013867794
600643.SS,0.589987235229
600644.SS,0.998268141006
600648.SS,1.1619239164
600649.SS,0.753586668291
600650.SS,1.01597628804
600651.SS,0.744605772618
600652.SS,1.21547142036
600653.SS,0.773044989408
600654.SS,0.798962911673
600657.SS,1.16959186009
600658.SS,1.00587580981
600660.SS,0.825300409104
600662.SS,0.993013057171
600663.SS,0.990644836982
600665.SS,1.06274538383
600667.SS,0.399608063806
600674.SS,0.763273290827
600675.SS,0.974561855912
600676.SS,0.958727236043
600683.SS,1.30313048257
600684.SS,1.23874549785
600686.SS,0.932458264454
600687.SS,0.42807438486
600688.SS,0.693623429458
600690.SS,0.230339635966
600691.SS,0.574204364229
600695.SS,1.00392701571
600698.SS,0.449869466101
600699.SS,0.632417193241
600703.SS,1.19300839725
600704.SS,1.18874365519
600705.SS,0.653928203081
600707.SS,1.02866131014
600708.SS,0.999809681885
600710.SS,0.852413546526
600711.SS,0.986735413785
600712.SS,0.841775374759
600713.SS,1.01980353333
600716.SS,0.952368394949
600717.SS,0.847572904093
600718.SS,1.02435590992
600720.SS,1.42912766752
600722.SS,0.845333797188
600723.SS,0.970852642233
600724.SS,1.03154767727
600726.SS,0.760208553891
600736.SS,1.05666998355
600737.SS,0.91363928711
600739.SS,1.20516772829
600740.SS,1.21457918684
600741.SS,0.940308544279
600743.SS,1.14207211901
600744.SS,0.8620142692
600747.SS,0.906214524855
600748.SS,1.30321744941
600751.SS,0.520562614412
600754.SS,0.796849353285
600755.SS,0.736855404632
600757.SS,0.627176249323
600759.SS,0.169863519061
600761.SS,1.17555819448
600765.SS,1.26448889935
600770.SS,0.980580073065
600773.SS,1.17601837763
600775.SS,0.971151391058
600776.SS,1.04813570947
600777.SS,0.490960560707
600780.SS,0.695865838157
600782.SS,0.521769150907
600783.SS,1.1989650906
600784.SS,0.720107027071
600787.SS,1.12808696441
600789.SS,0.962943939709
600790.SS,0.999518153004
600792.SS,1.17918806781
600794.SS,0.767920795767
600795.SS,0.599631338223
600797.SS,0.92069986181
600798.SS,0.803904656874
600800.SS,0.940147175401
600801.SS,1.50598799763
600803.SS,0.808800646794
600804.SS,1.01027274037
600805.SS,0.643768733713
600807.SS,0.532475833659
600808.SS,0.799378389492
600809.SS,0.78213808377
600811.SS,1.16654290675
600812.SS,0.873098919858
600814.SS,0.623111798722
600815.SS,1.29214393333
600816.SS,1.00795029705
600819.SS,0.911499308037
600820.SS,0.928294359493
600823.SS,1.09809355952
600824.SS,0.979285710552
600827.SS,1.0017501691
600828.SS,0.746643663102
600831.SS,1.13556466014
600835.SS,1.13633579686
600837.SS,1.4432282312
600839.SS,0.759647658476
600841.SS,0.947060786301
600843.SS,1.04337860186
600844.SS,1.08222697821
600846.SS,1.12814076042
600848.SS,1.04649871759
600851.SS,1.06532620604
600853.SS,0.942089795414
600854.SS,0.901668548417
600856.SS,0.833198920493
600858.SS,0.867071781354
600862.SS,0.90525071623
600863.SS,0.769197043042
600864.SS,1.07941075944
600866.SS,1.02502763098
600867.SS,0.892883776591
600868.SS,0.796588285866
600869.SS,0.825425267728
